Nodes;Y;X
Node_0;0.5884389610955472;0.009490068419307622
Node_1;-0.07034991099746327;0.22959068291704898
Node_2;-0.15912581628859884;-0.41280158678661655
Node_3;-0.2143377395156191;1.0
Node_4;0.5579162373511675;-0.606654720569427
Node_5;-0.7025417316450336;-0.21962444398031306
Node_6;-0.7341045505751667;-0.25203385387181004
Node_7;-0.18312828885004173;1.0423344998027055
Node_8;0.5660964008752578;0.04146552457860783
