,Node,Degree Centrality,Degree Centrality Absolute,Degree Centrality Scaled,Degree Centrality Scaled Cap,Closeness Centrality,Adjusted Closeness Centrality
0,0,0.375,3.0,0.75,,0.14285714285714285,
1,1,0.5,4.0,1.0,1.0,0.20512820512820512,0.6749203689423039
2,2,0.375,3.0,0.75,0.75,0.14545454545454545,0.3683824752060724
3,3,0.25,2.0,0.5,,0.13559322033898305,
4,4,0.25,2.0,0.5,0.5,0.11940298507462686,0.40656337219382294
5,5,0.375,3.0,0.75,,0.16,
6,6,0.125,1.0,0.25,,0.14035087719298245,
7,7,0.125,1.0,0.25,,0.12121212121212122,
8,8,0.125,1.0,0.25,,0.12698412698412698,
