Nodes;Y;X
Node_0;-0.1550598413696378;0.2087426019064211
Node_1;0.2256013522035099;0.029481217329169782
Node_2;-0.48163944464363484;-0.2718455450287005
Node_3;-0.04853571125070321;-0.5210472482286804
Node_4;1.0;0.17647406574590324
Node_5;-0.5403663549395357;0.3781949082758868
Node_6;-0.5719291738696687;0.3457854983843898
Node_7;-0.01732626058512584;-0.4787127484259748
Node_8;-0.17740240158992718;0.24071805806572133
